Order,Customer,Logo File
1,L&T,/customers/LT.avif
2,Godrej,/customers/Godrej.avif
3,Kalpataru,/customers/kalpataru.avif
4,Embassy,/customers/Embassy.avif
5,Sobha,/customers/Sobha.avif
6,Al Gurg Group,/customers/Al-Gurg.avif
7,Nissan,/customers/nissan.avif
8,KEC,/customers/KEC.avif
9,ASBL,/customers/ASBL.avif
10,Ahluwalia Contracts,/customers/Ahluwalia.avif
11,Capacite,/customers/Capacite.avif
12,Tarc,/customers/Tarc.avif
13,Sowparnika Projects,/customers/Sowparnika.avif
14,Runwal,/customers/Runwal.avif
15,Total Environment,/customers/Total-environment-2.avif
16,Shriram,/customers/Shriram.avif
17,Leighton,/customers/Leighton.avif
18,Kolte Patil,/customers/Kolte-Patil.avif
19,M3M,/customers/m3m.avif
20,PSP Projects,/customers/PSP-Projects.avif
21,Century,/customers/Century.avif
22,K2K,/customers/K2K-infrastructure.avif
23,UPL,/customers/Upl.avif
24,Emboss,/customers/Emboss.avif
25,ICAR IIHR,/customers/Icar-iihr.avif
26,Hitech,/customers/Hitech-1.avif
